{
  "timestamp": "2026-07-06 15:05:31.950496",
  "rpm": 1242.1958686005407,
  "axis": [
    0.073495,
    0.533373,
    0.842681
  ],
  "animation": {
    "R_ref": [
      [
        0.852748,
        0.241043,
        -0.463377
      ],
      [
        0.500693,
        -0.124583,
        0.856613
      ],
      [
        0.148752,
        -0.962485,
        -0.226927
      ]
    ],
    "omega_rad_per_frame": 0.26016489,
    "fps": 500.0
  },
  "spin_dir": {
    "hhmm": "11:44",
    "degrees": -7.85
  },
  "spin_tilt": {
    "hhmm": "08:44",
    "degrees": 442.15
  }
}
