{
  "timestamp": "2026-07-06 15:02:50.433439",
  "rpm": 1297.6564532655646,
  "axis": [
    -0.5197,
    -0.709459,
    0.476004
  ],
  "animation": {
    "R_ref": [
      [
        0.405345,
        -0.342056,
        0.847758
      ],
      [
        -0.914098,
        -0.140553,
        0.380355
      ],
      [
        -0.010948,
        -0.929109,
        -0.369645
      ]
    ],
    "omega_rad_per_frame": 0.27178053,
    "fps": 500.0
  },
  "spin_dir": {
    "hhmm": "04:47",
    "degrees": 143.78
  },
  "spin_tilt": {
    "hhmm": "01:47",
    "degrees": 233.78
  }
}
